trade_id,product_type,underlying,notional,currency,delta,gamma,vega,theta,rho
TRD_00004,Swaption,USD Swaption,50000000.0,USD,310859.7609110096,3802.2635475132493,190113.1773756625,-14715.029105850586,206052.06308130064
TRD_00005,FxOption,FX,5000000.0,EUR,2746868.7850639108,21206940.057095535,15396.238481451363,-737.6680946701085,14082.332129528873
TRD_00006,FxOption,FX,8000000.0,USD,5990240.725929347,27306925.34868202,19824.82780314315,-1146.1917053497825,30077.006469158798
TRD_00007,FxOption,FX,3000000.0,USD,1269528.6345162059,12584003.14777386,9135.986285283825,-408.3569408702555,6569.741332372899
TRD_00008,EquityOption,Equity,20000000.0,USD,8244174.488378469,359567.4408905573,6741889.516697949,-366212.9949547662,5325729.470047629
TRD_00009,EquityOption,Equity,5000000.0,USD,3194071.8410603125,86496.49250115988,1621809.2343967478,-95682.98138005954,1973533.5742773178
TRD_00010,EquityOption,Equity,10000000.0,USD,5725367.962076044,181209.25715588755,3397673.571672891,-194496.3845392562,3590821.8739034156
TRD_00011,VarianceSwap,Equity,1000000.0,USD,0.0,0.0,500000.0,-1000.0,0.0
